<?xml version='1.0' encoding='UTF-8'?>
<scenario name="/home/nwen243/CORE_network.xml">
  <networks/>
  <devices>
    <device id="1" name="RemoteCompanyGateway" type="router">
      <position x="628" y="185" lat="47.57661048296561" lon="-122.11983810609732" alt="2.0"/>
      <services>
        <service name="OSPFv2"/>
        <service name="OSPFv3"/>
        <service name="zebra"/>
        <service name="IPForward"/>
      </services>
    </device>
    <device id="2" name="RemoteNetworkR1" canvas="2" type="router">
      <position x="315" y="297" lat="47.57514673015953" lon="-122.126105563574" alt="2.0"/>
      <services>
        <service name="OSPFv2"/>
        <service name="OSPFv3"/>
        <service name="zebra"/>
        <service name="IPForward"/>
      </services>
    </device>
    <device id="3" name="n1" canvas="2">
      <position x="155" y="196" lat="47.57653403520821" lon="-122.12927383559635" alt="2.0"/>
    </device>
    <device id="4" name="n2">
      <position x="864" y="125" lat="47.57738399001511" lon="-122.11511781418568" alt="2.0"/>
    </device>
    <device id="5" name="RemoteRouter4" canvas="2" type="router">
      <position x="474" y="127" lat="47.577416743410616" lon="-122.12289632609189" alt="2.0"/>
      <services>
        <service name="OSPFv2"/>
        <service name="OSPFv3"/>
        <service name="zebra"/>
        <service name="IPForward"/>
      </services>
    </device>
    <device id="6" name="RemoteRouter3" canvas="2" type="router">
      <position x="502" y="434" lat="47.573269385219085" lon="-122.12240713310784" alt="2.0"/>
      <services>
        <service name="OSPFv2"/>
        <service name="OSPFv3"/>
        <service name="zebra"/>
        <service name="IPForward"/>
      </services>
    </device>
    <device id="7" name="RemoteNetworkR2" canvas="2" type="router">
      <position x="726" y="258" lat="47.5756103054697" lon="-122.11790019612113" alt="2.0"/>
      <services>
        <service name="OSPFv2"/>
        <service name="OSPFv3"/>
        <service name="zebra"/>
        <service name="IPForward"/>
      </services>
    </device>
    <device id="8" name="RemoteHost" type="PC">
      <position x="873" y="457" lat="47.57290214250065" lon="-122.11501382146722" alt="2.0"/>
      <services>
        <service name="DefaultRoute"/>
      </services>
    </device>
    <device id="19" name="n7">
      <position x="856" y="241" lat="47.57581975827444" lon="-122.11530373564295" alt="2.0"/>
    </device>
    <device id="20" name="n8" canvas="2">
      <position x="835" y="482" lat="47.572570602746396" lon="-122.11577729772993" alt="2.0"/>
    </device>
    <device id="9" name="Host1" type="host">
      <position x="260" y="24" lat="47.57883932883744" lon="-122.12714119267844" alt="2.0"/>
      <services>
        <service name="NAT"/>
        <service name="DefaultRoute"/>
      </services>
    </device>
    <device id="10" name="Host2" type="host">
      <position x="23" y="25" lat="47.5788617077283" lon="-122.13186822683818" alt="2.0"/>
      <services>
        <service name="zebra"/>
        <service name="DefaultRoute"/>
      </services>
    </device>
    <device id="11" name="R1" type="router">
      <position x="133" y="191" lat="47.576604842330084" lon="-122.12971147372635" alt="2.0"/>
      <services>
        <service name="zebra"/>
        <service name="IPForward"/>
      </services>
    </device>
    <device id="12" name="R2" type="router">
      <position x="375" y="219" lat="47.5761902483946" lon="-122.12489144891401" alt="2.0"/>
      <services>
        <service name="zebra"/>
        <service name="IPForward"/>
      </services>
    </device>
    <device id="13" name="R3" type="router">
      <position x="185" y="430" lat="47.573371563445626" lon="-122.12872792043208" alt="2.0"/>
      <services>
        <service name="zebra"/>
        <service name="IPForward"/>
      </services>
    </device>
    <device id="14" name="R4" type="router">
      <position x="594" y="317" lat="47.57483429323171" lon="-122.12054601390955" alt="2.0"/>
      <services>
        <service name="zebra"/>
        <service name="NAT"/>
        <service name="IPForward"/>
      </services>
    </device>
    <device id="15" name="R5" type="router">
      <position x="460" y="561" lat="47.57156187437739" lon="-122.1232733135624" alt="2.0"/>
      <services>
        <service name="zebra"/>
        <service name="IPForward"/>
      </services>
    </device>
    <device id="16" name="Host3" type="host">
      <position x="306" y="696" lat="47.56976342632257" lon="-122.1263746148061" alt="2.0"/>
      <services>
        <service name="DefaultRoute"/>
        <service name="SSH"/>
      </services>
    </device>
    <device id="17" name="Host4" type="host">
      <position x="608" y="697" lat="47.56970390181625" lon="-122.12035270214514" alt="2.0"/>
      <services>
        <service name="DefaultRoute"/>
        <service name="SSH"/>
      </services>
    </device>
    <device id="18" name="HTTP" type="host">
      <position x="786" y="695" lat="47.56970361478791" lon="-122.11680278383736" alt="2.0"/>
      <services>
        <service name="DefaultRoute"/>
        <service name="HTTP"/>
        <service name="SSH"/>
      </services>
    </device>
  </devices>
  <links>
    <link node_one="1" node_two="2">
      <interface_one id="0" name="eth0" mac="00:00:00:aa:00:00" ip4="10.0.128.2" ip4_mask="24" ip6="2001:128::2" ip6_mask="64"/>
      <interface_two id="0" name="eth0" mac="00:00:00:aa:00:01" ip4="10.0.128.1" ip4_mask="24" ip6="2001:128::1" ip6_mask="64"/>
      <options type="1" unidirectional="0"/>
    </link>
    <link node_one="2" node_two="6">
      <interface_one id="1" name="eth1" mac="00:00:00:aa:00:02" ip4="10.0.129.1" ip4_mask="24" ip6="2001:129::1" ip6_mask="64"/>
      <interface_two id="0" name="eth0" mac="00:00:00:aa:00:03" ip4="10.0.129.2" ip4_mask="24" ip6="2001:129::2" ip6_mask="64"/>
      <options type="1" unidirectional="0"/>
    </link>
    <link node_one="6" node_two="7">
      <interface_one id="1" name="eth1" mac="00:00:00:aa:00:04" ip4="10.0.132.1" ip4_mask="24" ip6="2001:132::1" ip6_mask="64"/>
      <interface_two id="0" name="eth0" mac="00:00:00:aa:00:05" ip4="10.0.132.2" ip4_mask="24" ip6="2001:132::2" ip6_mask="64"/>
      <options type="1" unidirectional="0"/>
    </link>
    <link node_one="7" node_two="5">
      <interface_one id="1" name="eth1" mac="00:00:00:aa:00:06" ip4="10.0.131.1" ip4_mask="24" ip6="2001:131::1" ip6_mask="64"/>
      <interface_two id="0" name="eth0" mac="00:00:00:aa:00:07" ip4="10.0.131.2" ip4_mask="24" ip6="2001:131::2" ip6_mask="64"/>
      <options type="1" unidirectional="0"/>
    </link>
    <link node_one="2" node_two="5">
      <interface_one id="2" name="eth2" mac="00:00:00:aa:00:08" ip4="10.0.130.1" ip4_mask="24" ip6="2001:130::1" ip6_mask="64"/>
      <interface_two id="1" name="eth1" mac="00:00:00:aa:00:09" ip4="10.0.130.2" ip4_mask="24" ip6="2001:130::2" ip6_mask="64"/>
      <options type="1" unidirectional="0"/>
    </link>
    <link node_one="7" node_two="8">
      <interface_one id="2" name="eth2" mac="00:00:00:aa:00:0a" ip4="10.0.133.1" ip4_mask="24" ip6="2001:133::1" ip6_mask="64"/>
      <interface_two id="0" name="eth0" mac="00:00:00:aa:00:0b" ip4="10.0.133.20" ip4_mask="24" ip6="2001:133::20" ip6_mask="64"/>
      <options type="1" unidirectional="0"/>
    </link>
    <link node_one="9" node_two="11">
      <interface_one id="0" name="eth0" mac="00:00:00:aa:00:0c" ip4="10.0.0.20" ip4_mask="24" ip6="2001::20" ip6_mask="64"/>
      <interface_two id="0" name="eth0" mac="00:00:00:aa:00:0d" ip4="10.0.0.1" ip4_mask="24" ip6="2001::1" ip6_mask="64"/>
      <options type="1" unidirectional="0"/>
    </link>
    <link node_one="10" node_two="11">
      <interface_one id="0" name="eth0" mac="00:00:00:aa:00:0e" ip4="10.0.2.20" ip4_mask="24" ip6="2001:2::20" ip6_mask="64"/>
      <interface_two id="1" name="eth1" mac="00:00:00:aa:00:0f" ip4="10.0.2.1" ip4_mask="24" ip6="2001:2::1" ip6_mask="64"/>
      <options type="1" unidirectional="0"/>
    </link>
    <link node_one="11" node_two="12">
      <interface_one id="2" name="eth2" mac="00:00:00:aa:00:10" ip4="10.0.1.1" ip4_mask="24" ip6="2001:1::1" ip6_mask="64"/>
      <interface_two id="0" name="eth0" mac="00:00:00:aa:00:11" ip4="10.0.1.2" ip4_mask="24" ip6="2001:1::2" ip6_mask="64"/>
      <options type="1" unidirectional="0"/>
    </link>
    <link node_one="12" node_two="1">
      <interface_one id="1" name="eth1" mac="00:00:00:aa:00:12" ip4="10.0.10.1" ip4_mask="24" ip6="2001:10::1" ip6_mask="64"/>
      <interface_two id="1" name="eth1" mac="00:00:00:aa:00:13" ip4="10.0.10.2" ip4_mask="24" ip6="2001:10::2" ip6_mask="64"/>
      <options type="1" unidirectional="0"/>
    </link>
    <link node_one="11" node_two="13">
      <interface_one id="3" name="eth3" mac="00:00:00:aa:00:14" ip4="10.0.3.1" ip4_mask="24" ip6="2001:3::1" ip6_mask="64"/>
      <interface_two id="0" name="eth0" mac="00:00:00:aa:00:15" ip4="10.0.3.2" ip4_mask="24" ip6="2001:3::2" ip6_mask="64"/>
      <options type="1" unidirectional="0"/>
    </link>
    <link node_one="13" node_two="12">
      <interface_one id="1" name="eth1" mac="00:00:00:aa:00:16" ip4="10.0.4.1" ip4_mask="24" ip6="2001:4::1" ip6_mask="64"/>
      <interface_two id="2" name="eth2" mac="00:00:00:aa:00:17" ip4="10.0.4.2" ip4_mask="24" ip6="2001:4::2" ip6_mask="64"/>
      <options type="1" unidirectional="0"/>
    </link>
    <link node_one="12" node_two="14">
      <interface_one id="3" name="eth3" mac="00:00:00:aa:00:18" ip4="10.0.5.1" ip4_mask="24" ip6="2001:5::1" ip6_mask="64"/>
      <interface_two id="0" name="eth0" mac="00:00:00:aa:00:19" ip4="10.0.5.2" ip4_mask="24" ip6="2001:5::2" ip6_mask="64"/>
      <options type="1" unidirectional="0"/>
    </link>
    <link node_one="13" node_two="15">
      <interface_one id="2" name="eth2" mac="00:00:00:aa:00:1a" ip4="10.0.7.2" ip4_mask="24" ip6="2001:7::2" ip6_mask="64"/>
      <interface_two id="0" name="eth0" mac="00:00:00:aa:00:1b" ip4="10.0.7.1" ip4_mask="24" ip6="2001:7::1" ip6_mask="64"/>
      <options type="1" unidirectional="0"/>
    </link>
    <link node_one="15" node_two="14">
      <interface_one id="1" name="eth1" mac="00:00:00:aa:00:1c" ip4="10.0.6.2" ip4_mask="24" ip6="2001:6::2" ip6_mask="64"/>
      <interface_two id="1" name="eth1" mac="00:00:00:aa:00:1d" ip4="10.0.6.1" ip4_mask="24" ip6="2001:6::1" ip6_mask="64"/>
      <options type="1" unidirectional="0"/>
    </link>
    <link node_one="15" node_two="16">
      <interface_one id="2" name="eth2" mac="00:00:00:aa:00:1e" ip4="10.0.8.1" ip4_mask="24" ip6="2001:8::1" ip6_mask="64"/>
      <interface_two id="0" name="eth0" mac="00:00:00:aa:00:1f" ip4="10.0.8.20" ip4_mask="24" ip6="2001:8::20" ip6_mask="64"/>
      <options type="1" unidirectional="0"/>
    </link>
    <link node_one="15" node_two="17">
      <interface_one id="3" name="eth3" mac="00:00:00:aa:00:20" ip4="10.0.9.1" ip4_mask="24" ip6="2001:9::1" ip6_mask="64"/>
      <interface_two id="0" name="eth0" mac="00:00:00:aa:00:21" ip4="10.0.9.20" ip4_mask="24" ip6="2001:9::20" ip6_mask="64"/>
      <options type="1" unidirectional="0"/>
    </link>
    <link node_one="18" node_two="14">
      <interface_one id="0" name="eth0" mac="00:00:00:aa:00:22" ip4="192.168.1.10" ip4_mask="24" ip6="2001:11::10" ip6_mask="64"/>
      <interface_two id="2" name="eth2" mac="00:00:00:aa:00:23" ip4="192.168.1.1" ip4_mask="24" ip6="2001:11::1" ip6_mask="64"/>
      <options type="1" unidirectional="0"/>
    </link>
  </links>
  <service_configurations>
    <service name="zebra" node="1">
      <directories>
        <directory>/usr/local/etc/quagga</directory>
        <directory>/var/run/quagga</directory>
      </directories>
      <startups>
        <startup>sh quaggaboot.sh zebra</startup>
      </startups>
      <validates>
        <validate>pidof zebra</validate>
      </validates>
      <shutdowns>
        <shutdown>killall zebra</shutdown>
      </shutdowns>
      <files>
        <file name="/usr/local/etc/quagga/Quagga.conf">interface eth0
  ip ospf network point-to-point
  ip ospf hello-interval 2
  ip ospf dead-interval 6
  ip ospf retransmit-interval
  ipv6 route 2001:129::/64 2001:128::1
  ipv6 route 2001:130::/64 2001:128::1
  ipv6 route 2001:131::/64 2001:128::1
  ipv6 route 2001:132::/64 2001:128::1
  ipv6 route 2001:133::/64 2001:128::1
!
interface eth1
  ip route 0.0.0.0 0.0.0.0 10.0.10.1
  ipv6 route ::/0 2001:10::1
!
router ospf
  router-id 10.0.128.2
  network 10.0.128.2/24 area 0
  default-information originate always
!
router ospf6
  instance-id 65
  router-id 10.0.128.2
  interface eth0 area 0.0.0.0
  default-information originate always
!
</file>
      </files>
    </service>
    <service name="NAT" node="1">
      <startups>
        <startup>sh nat.sh</startup>
      </startups>
      <files>
        <file name="nat.sh">#!/bin/sh
# generated by security.py
# NAT out the first interface by default
# NAT out the eth0 interface
#iptables -t nat -A POSTROUTING -o eth0 -j MASQUERADE
#iptables -A FORWARD -i eth0 -m state --state RELATED,ESTABLISHED -j ACCEPT
#iptables -A FORWARD -i eth0 -j DROP

iptables -t nat -A POSTROUTING -o eth1 -j MASQUERADE
iptables -t nat -A PREROUTING -i etho -s 10.0.0.0/17 -j SNAT --to-source 10.0.128.2
iptables -A FORWARD -i eth1 -m state --state RELATED,ESTABLISHED -j ACCEPT
iptables -A FORWARD -i eth1 -j DROP
</file>
      </files>
    </service>
    <service name="zebra" node="2">
      <directories>
        <directory>/usr/local/etc/quagga</directory>
        <directory>/var/run/quagga</directory>
      </directories>
      <startups>
        <startup>sh quaggaboot.sh zebra</startup>
      </startups>
      <validates>
        <validate>pidof zebra</validate>
      </validates>
      <shutdowns>
        <shutdown>killall zebra</shutdown>
      </shutdowns>
      <files>
        <file name="/usr/local/etc/quagga/Quagga.conf">interface eth0
  ip address 10.0.128.1/24
  ip ospf network point-to-point
  ip ospf hello-interval 2
  ip ospf dead-interval 6
  ip ospf retransmit-interval 5
  ipv6 address 2001:128::1/64
  ipv6 route ::/0 2001:128::2
!
interface eth1
  ip address 10.0.129.1/24
  ip ospf network point-to-point
  ip ospf hello-interval 2
  ip ospf dead-interval 6
  ip ospf retransmit-interval 5
  ipv6 address 2001:129::1/64
  ipv6 route 2001:132::/64 2001:129::2
  ipv6 route 2001:133::/64 2001:129::2
!
interface eth2
  ip address 10.0.130.1/24
  ip ospf network point-to-point
  ip ospf hello-interval 2
  ip ospf dead-interval 6
  ip ospf retransmit-interval 5
  ipv6 address 2001:130::1/64
  ipv6 route 2001:131::/64 2001:130::2
!
router ospf
  router-id 10.0.128.1
  network 10.0.128.1/24 area 0
  network 10.0.129.1/24 area 0
  network 10.0.130.1/24 area 0
!
router ospf6
  instance-id 65
  router-id 10.0.128.1
  interface eth0 area 0.0.0.0
  interface eth1 area 0.0.0.0
  interface eth2 area 0.0.0.0
!
</file>
      </files>
    </service>
    <service name="zebra" node="5">
      <directories>
        <directory>/usr/local/etc/quagga</directory>
        <directory>/var/run/quagga</directory>
      </directories>
      <startups>
        <startup>sh quaggaboot.sh zebra</startup>
      </startups>
      <validates>
        <validate>pidof zebra</validate>
      </validates>
      <shutdowns>
        <shutdown>killall zebra</shutdown>
      </shutdowns>
      <files>
        <file name="/usr/local/etc/quagga/Quagga.conf">interface eth0
  ip address 10.0.131.2/24
  ip ospf network point-to-point
  ip ospf hello-interval 2
  ip ospf dead-interval 6
  ip ospf retransmit-interval 5
  ipv6 address 2001:131::2/64
!
interface eth1
  ip address 10.0.130.2/24
  ip ospf network point-to-point
  ip ospf hello-interval 2
  ip ospf dead-interval 6
  ip ospf retransmit-interval 5
  ipv6 address 2001:130::2/64
  ipv6 route ::/0 2001:130::1
!
router ospf
  router-id 10.0.131.2
  network 10.0.131.2/24 area 0
  network 10.0.130.2/24 area 0
!
router ospf6
  instance-id 65
  router-id 10.0.131.2
  interface eth0 area 0.0.0.0
  interface eth1 area 0.0.0.0
!
</file>
      </files>
    </service>
    <service name="zebra" node="6">
      <directories>
        <directory>/usr/local/etc/quagga</directory>
        <directory>/var/run/quagga</directory>
      </directories>
      <startups>
        <startup>sh quaggaboot.sh zebra</startup>
      </startups>
      <validates>
        <validate>pidof zebra</validate>
      </validates>
      <shutdowns>
        <shutdown>killall zebra</shutdown>
      </shutdowns>
      <files>
        <file name="/usr/local/etc/quagga/Quagga.conf">interface eth0
  ip address 10.0.129.2/24
  ip ospf network point-to-point
  ip ospf hello-interval 2
  ip ospf dead-interval 6
  ip ospf retransmit-interval 5
  ipv6 address 2001:129::2/64
  ipv6 route ::/0 2001:129::1
!
interface eth1
  ip address 10.0.132.1/24
  ip ospf network point-to-point
  ip ospf hello-interval 2
  ip ospf dead-interval 6
  ip ospf retransmit-interval 5
  ipv6 address 2001:132::1/64
  ipv6 route 2001:133::/64 2001:132::2
!
router ospf
  router-id 10.0.129.2
  network 10.0.129.2/24 area 0
  network 10.0.132.1/24 area 0
!
router ospf6
  instance-id 65
  router-id 10.0.129.2
  interface eth0 area 0.0.0.0
  interface eth1 area 0.0.0.0
!
</file>
      </files>
    </service>
    <service name="zebra" node="7">
      <directories>
        <directory>/usr/local/etc/quagga</directory>
        <directory>/var/run/quagga</directory>
      </directories>
      <startups>
        <startup>sh quaggaboot.sh zebra</startup>
      </startups>
      <validates>
        <validate>pidof zebra</validate>
      </validates>
      <shutdowns>
        <shutdown>killall zebra</shutdown>
      </shutdowns>
      <files>
        <file name="/usr/local/etc/quagga/Quagga.conf">interface eth0
  ip address 10.0.132.2/24
  ip ospf network point-to-point
  ip ospf hello-interval 2
  ip ospf dead-interval 6
  ip ospf retransmit-interval 5
  ipv6 address 2001:132::2/64
  ipv6 route ::/0 2001:132::1
!
interface eth1
  ip address 10.0.131.1/24
  ip ospf network point-to-point
  ip ospf hello-interval 2
  ip ospf dead-interval 6
  ip ospf retransmit-interval 5
  ipv6 address 2001:131::1/64
!
interface eth2
  ip address 10.0.133.1/24
  ip ospf network point-to-point
  ip ospf hello-interval 2
  ip ospf dead-interval 6
  ip ospf retransmit-interval 5
  ipv6 address 2001:133::1/64
!
router ospf
  router-id 10.0.132.2
  network 10.0.132.2/24 area 0
  network 10.0.131.1/24 area 0
  network 10.0.133.1/24 area 0
!
router ospf6
  instance-id 65
  router-id 10.0.132.2
  interface eth0 area 0.0.0.0
  interface eth1 area 0.0.0.0
  interface eth2 area 0.0.0.0
!
</file>
      </files>
    </service>
    <service name="NAT" node="9">
      <startups>
        <startup>sh nat.sh</startup>
      </startups>
      <files>
        <file name="nat.sh">#!/bin/sh
# generated by security.py
# NAT out the first interface by default
# NAT out the eth0 interface
iptables -t nat -A POSTROUTING -o eth0 -j MASQUERADE

iptables -A FORWARD -i eth0 -m state --state RELATED,ESTABLISHED -j ACCEPT
iptables -A FORWARD -i eth0 -p tcp --dport 80 \
 -d 192.168.1.10 -j ACCEPT
iptables -A FORWARD -i eth0 -j DROP
iptables -t nat -A PREROUTING -i eth0 -p tcp --dport 80 -j DNAT \
 --to 192.168.1.10

iptables -t nat -A POSTROUTING -o eth1 -j MASQUERADE
iptables -A FORWARD -i eth1 -m state --state RELATED,ESTABLISHED -j ACCEPT
iptables -A FORWARD -i eth1 -p tcp --dport 80 \
 -d 192.168.1.10 -j ACCEPT
iptables -A FORWARD -i eth1 -j DROP
iptables -t nat -A PREROUTING -i eth1 -p tcp --dport 80 -j DNAT \
 --to 192.168.1.10

#iptables -t nat -A POSTROUTING -o eth2 -j MASQUERADE
#iptables -A FORWARD -i eth2 -m state --state RELATED,ESTABLISHED -j ACCEPT
#iptables -A FORWARD -i eth2 -j DROP#!/bin/sh
# generated by security.py
# NAT out the first interface by default
# NAT out the eth0 interface
iptables -t nat -A POSTROUTING -o eth0 -j MASQUERADE
iptables -A FORWARD -i eth0 -m state --state RELATED,ESTABLISHED -j ACCEPT
iptables -A FORWARD -i eth0 -j DROP

</file>
      </files>
    </service>
    <service name="zebra" node="10">
      <directories>
        <directory>/usr/local/etc/quagga</directory>
        <directory>/var/run/quagga</directory>
      </directories>
      <startups>
        <startup>sh quaggaboot.sh zebra</startup>
      </startups>
      <validates>
        <validate>pidof zebra</validate>
      </validates>
      <shutdowns>
        <shutdown>killall zebra</shutdown>
      </shutdowns>
      <files>
        <file name="/usr/local/etc/quagga/Quagga.conf">interface eth0
!
</file>
      </files>
    </service>
    <service name="zebra" node="11">
      <directories>
        <directory>/usr/local/etc/quagga</directory>
        <directory>/var/run/quagga</directory>
      </directories>
      <startups>
        <startup>sh quaggaboot.sh zebra</startup>
      </startups>
      <validates>
        <validate>pidof zebra</validate>
      </validates>
      <shutdowns>
        <shutdown>killall zebra</shutdown>
      </shutdowns>
      <files>
        <file name="/usr/local/etc/quagga/Quagga.conf">interface eth0
!
interface eth1 
!
interface eth2
  ip route 0.0.0.0 0.0.0.0 10.0.1.2
  ipv6 route ::/0 2001:1::2
!
interface eth3
  ip route 10.0.6.0/24 10.0.3.2
  ipv6 route 2001:6::/64 2001:3::2
  ip route 10.0.8.0/24 10.0.3.2
  ipv6 route 2001:8::/64 2001:3::2
  ip route 10.0.9.0/24 10.0.3.2
  ipv6 route 2001:9::/64 2001:3::2
!
</file>
      </files>
    </service>
    <service name="zebra" node="12">
      <directories>
        <directory>/usr/local/etc/quagga</directory>
        <directory>/var/run/quagga</directory>
      </directories>
      <startups>
        <startup>sh quaggaboot.sh zebra</startup>
      </startups>
      <validates>
        <validate>pidof zebra</validate>
      </validates>
      <shutdowns>
        <shutdown>killall zebra</shutdown>
      </shutdowns>
      <files>
        <file name="/usr/local/etc/quagga/Quagga.conf">interface eth0
  ip route 10.0.0.0/24 10.0.1.1
  ipv6 route 2001:0::/64 2001:1::1
  ip route 10.0.3.0/24 10.0.1.1
  ipv6 route 2001:3::/64 2001:1::1
!
interface eth1
  ip route 0.0.0.0 0.0.0.0 10.0.10.2
  ipv6 route ::/0 2001:10::2 
!
interface eth2
  ip route 10.0.6.0/24 10.0.4.1
  ipv6 route 2001:6::/64 2001:4::1
  ip route 10.0.7.0/24 10.0.4.1
  ipv6 route 2001:7::/64 2001:4::1
  ip route 10.0.8.0/24 10.0.4.1
  ipv6 route 2001:8::/64 2001:4::1
  ip route 10.0.9.0/24 10.0.4.1
  ipv6 route 2001:9::/64 2001:4::1
!</file>
      </files>
    </service>
    <service name="zebra" node="13">
      <directories>
        <directory>/usr/local/etc/quagga</directory>
        <directory>/var/run/quagga</directory>
      </directories>
      <startups>
        <startup>sh quaggaboot.sh zebra</startup>
      </startups>
      <validates>
        <validate>pidof zebra</validate>
      </validates>
      <shutdowns>
        <shutdown>killall zebra</shutdown>
      </shutdowns>
      <files>
        <file name="/usr/local/etc/quagga/Quagga.conf">interface eth0
  ip address 10.0.3.2/24
  ipv6 address 2001:3::2/64
  ip route 10.0.0.0/24 10.0.3.1
  ipv6 route 2001:0::/64 2001:3::1/64
  ip route 10.0.2.0/24 10.0.3.1
  ipv6 route 2001:2::/64 2001:3::1 
!
interface eth1
  ip address 10.0.4.1/24
  ipv6 address 2001:4::1/64
  ip route 0.0.0.0 0.0.0.0 10.0.4.2
  ipv6 route ::/0 2001:4::2
!
interface eth2
  ip address 10.0.7.2/24
  ipv6 address 2001:7::2/64
  ip route 10.0.6.0/24 10.0.7.1
  ipv6 route 2001:6::/64 2001:7::1
  ip route 10.0.8.0/24 10.0.7.1
  ipv6 route 2001:8::/64 2001:7::1
  ip route 10.0.9.0/24 10.0.7.1
  ipv6 route 2001:9::/64
!
router ospf
  router-id 10.0.3.2
  network 10.0.3.0/24 area 0
  network 10.0.4.0/24 area 0
  network 10.0.7.0/24 area 0
!
router ospf6
  router-id 10.0.3.2
  interface eth0 area 0.0.0.0
  interface eth1 area 0.0.0.0
  interface eth2 area 0.0.0.0
!
</file>
      </files>
    </service>
    <service name="NAT" node="14">
      <startups>
        <startup>sh nat.sh</startup>
      </startups>
      <files>
        <file name="nat.sh">#!/bin/sh
# generated by security.py
# NAT out the first interface by default
# NAT out the eth0 interface
iptables -t nat -A POSTROUTING -o eth0 -j MASQUERADE

iptables -A FORWARD -i eth0 -m state --state RELATED,ESTABLISHED -j ACCEPT
iptables -A FORWARD -i eth0 -p tcp --dport 80 \
 -d 192.168.1.10 -j ACCEPT
iptables -A FORWARD -i eth0 -j DROP
iptables -t nat -A PREROUTING -i eth0 -p tcp --dport 80 -j DNAT \
 --to 192.168.1.10

iptables -t nat -A POSTROUTING -o eth1 -j MASQUERADE
iptables -A FORWARD -i eth1 -m state --state RELATED,ESTABLISHED -j ACCEPT
iptables -A FORWARD -i eth1 -p tcp --dport 80 \
 -d 192.168.1.10 -j ACCEPT
iptables -A FORWARD -i eth1 -j DROP
iptables -t nat -A PREROUTING -i eth1 -p tcp --dport 80 -j DNAT \
 --to 192.168.1.10

#iptables -t nat -A POSTROUTING -o eth2 -j MASQUERADE
#iptables -A FORWARD -i eth2 -m state --state RELATED,ESTABLISHED -j ACCEPT
#iptables -A FORWARD -i eth2 -j DROP
</file>
      </files>
    </service>
    <service name="zebra" node="14">
      <directories>
        <directory>/usr/local/etc/quagga</directory>
        <directory>/var/run/quagga</directory>
      </directories>
      <startups>
        <startup>sh quaggaboot.sh zebra</startup>
      </startups>
      <validates>
        <validate>pidof zebra</validate>
      </validates>
      <shutdowns>
        <shutdown>killall zebra</shutdown>
      </shutdowns>
      <files>
        <file name="/usr/local/etc/quagga/Quagga.conf">interface eth0
  ip address 10.0.5.2/24
  ipv6 address 2001:5::2/64
  ip route 0.0.0.0 0.0.0.0 10.0.5.1
  ipv6 route ::/0 2001:5::1
!
interface eth1
  ip address 10.0.6.1/24
  ipv6 address 2001:6::1/64
  ip route 10.0.8.0/24 10.0.6.2
  ipv6 route 2001:8::/64 2001:6::2
  ip route 10.0.9.0/24 10.0.6.2
  ipv6 route 2001:9::/64 2001:6::2
!
router ospf
  router-id 10.0.5.2
  network 10.0.5.0/24 area 0
  network 10.0.6.0/24 area 0
!
router ospf6
  router-id 10.0.5.2
  interface eth0 area 0.0.0.0
  interface eth1 area 0.0.0.0
!
</file>
      </files>
    </service>
    <service name="zebra" node="15">
      <directories>
        <directory>/usr/local/etc/quagga</directory>
        <directory>/var/run/quagga</directory>
      </directories>
      <startups>
        <startup>sh quaggaboot.sh zebra</startup>
      </startups>
      <validates>
        <validate>pidof zebra</validate>
      </validates>
      <shutdowns>
        <shutdown>killall zebra</shutdown>
      </shutdowns>
      <files>
        <file name="/usr/local/etc/quagga/Quagga.conf">interface eth0
  ip address 10.0.7.1/24
  ipv6 address 2001:7::1/64
  ip route 10.0.0.0/24 10.0.7.2
  ipv6 route 2001:0::/64 2001:7::2
  ip route 10.0.2.0/24 10.0.7.2
  ipv6 route 2001:2::0/64 2001:7::2
  ip route 0.0.0.0 0.0.0.0 10.0.7.2 
  ipv6 route ::/0 2001:7::2
!
interface eth1
  ip address 10.0.6.2/24
  ipv6 address 2001:6::2/64
!
interface eth2
  ip address 10.0.8.1/24
  ipv6 address 2001:8::1/64
!
interface eth3
  ip address 10.0.9.1/24
  ipv6 address 2001:9::1/64
!
router ospf
  router-id 10.0.7.1
  network 10.0.7.0/24 area 0
  network 10.0.6.0/24 area 0
  network 10.0.8.0/24 area 0
  network 10.0.9.0/24 area 0
!
router ospf6
  router-id 10.0.7.1
  interface eth0 area 0.0.0.0
  interface eth1 area 0.0.0.0
  interface eth2 area 0.0.0.0
  interface eth3 area 0.0.0.0
!
</file>
      </files>
    </service>
  </service_configurations>
  <session_origin lat="47.5791667" lon="-122.132322" alt="2.0" scale="150.0"/>
  <session_metadata>
    <configuration name="annotation a1" value="{iconcoords {134.0 76.0 877.0 583.0}} {type rectangle} {label {Remote Network}} {labelcolor black} {fontfamily {Arial}} {fontsize {12}} {color #C0C0FF} {width 2} {border black} {rad 25} {canvas c2}"/>
    <configuration name="annotation a2" value="{iconcoords {626 57 955 267}} {type rectangle} {label {Preinstalled network}} {labelcolor black} {fontfamily {Arial}} {fontsize {12}} {color #C0C0FF} {width 2} {border black} {rad 25} {canvas c1}"/>
    <configuration name="annotation a7" value="{type text} {iconcoords {188.0 273.0}} {label {}} {canvas c1}"/>
    <configuration name="annotation a3" value="{iconcoords {164.0 108.0}} {type text} {label {C1}} {labelcolor #0000fe} {fontfamily {Arial}} {fontsize {12}} {canvas c1}"/>
    <configuration name="annotation a4" value="{type text} {iconcoords {110.0 151.0}} {label {}} {canvas c1}"/>
    <configuration name="annotation a5" value="{iconcoords {49.0 111.0}} {type text} {label {C2}} {labelcolor #0000ff} {fontfamily {Arial}} {fontsize {12}} {canvas c1}"/>
    <configuration name="annotation a6" value="{iconcoords {254.0 200.0}} {type text} {label {C4}} {labelcolor #0000ff} {fontfamily {Arial}} {fontsize {12}} {canvas c1}"/>
    <configuration name="annotation a8" value="{iconcoords {300.0 196.0}} {type text} {label {}} {labelcolor #0000ff} {fontfamily {Arial}} {fontsize {12}} {canvas c1}"/>
    <configuration name="annotation a9" value="{type text} {iconcoords {286.0 201.0}} {label {}} {canvas c1}"/>
    <configuration name="annotation a10" value="{iconcoords {488.0 185.0}} {type text} {label {C5}} {labelcolor #0000ff} {fontfamily {Arial}} {fontsize {12}} {canvas c1}"/>
    <configuration name="annotation a11" value="{type text} {iconcoords {519.0 163.0}} {label {}} {canvas c1}"/>
    <configuration name="annotation a13" value="{type text} {iconcoords {352.0 311.0}} {label {}} {canvas c1}"/>
    <configuration name="annotation a12" value="{type text} {iconcoords {31.0 75.0}} {label {}} {canvas c1}"/>
    <configuration name="annotation a14" value="{type text} {iconcoords {25.0 62.0}} {label {}} {canvas c1}"/>
    <configuration name="annotation a15" value="{type text} {iconcoords {17.0 54.0}} {label {}} {canvas c1}"/>
    <configuration name="annotation a16" value="{iconcoords {160.0 306.0}} {type text} {label {C3}} {labelcolor #0000ff} {fontfamily {Arial}} {fontsize {12}} {canvas c1}"/>
    <configuration name="annotation a17" value="{iconcoords {275.0 502.0}} {type text} {label {C11}} {labelcolor #0000ff} {fontfamily {Arial}} {fontsize {12}} {canvas c1}"/>
    <configuration name="annotation a18" value="{iconcoords {293.0 331.0}} {type text} {label {C6}} {labelcolor #0000ff} {fontfamily {Arial}} {fontsize {12}} {canvas c1}"/>
    <configuration name="annotation a19" value="{type text} {iconcoords {360.0 329.0}} {label {}} {canvas c1}"/>
    <configuration name="annotation a20" value="{iconcoords {468.0 279.0}} {type text} {label {C7}} {labelcolor #0000ff} {fontfamily {Arial}} {fontsize {12}} {canvas c1}"/>
    <configuration name="annotation a21" value="{iconcoords {532.0 448.0}} {type text} {label {C8}} {labelcolor #0000ff} {fontfamily {Arial}} {fontsize {12}} {canvas c1}"/>
    <configuration name="annotation a22" value="{type text} {iconcoords {522.0 264.0}} {label {}} {canvas c1}"/>
    <configuration name="annotation a23" value="{iconcoords {385.0 638.0}} {type text} {label {C9}} {labelcolor #0000ff} {fontfamily {Arial}} {fontsize {12}} {canvas c1}"/>
    <configuration name="annotation a24" value="{iconcoords {547.0 632.0}} {type text} {label {C10}} {labelcolor #0000ff} {fontfamily {Arial}} {fontsize {12}} {canvas c1}"/>
    <configuration name="annotation a25" value="{iconcoords {699.0 498.0}} {type text} {label {C12}} {labelcolor #0000ff} {fontfamily {Arial}} {fontsize {12}} {canvas c1}"/>
    <configuration name="canvas c1" value="{name {Canvas1}}"/>
    <configuration name="canvas c2" value="{name {Canvas2}}"/>
    <configuration name="global_options" value="interface_names=yes ip_addresses=no ipv6_addresses=no node_labels=yes link_labels=no show_api=no background_images=no annotations=yes grid=yes traffic_start=0"/>
  </session_metadata>
  <default_services>
    <node type="mdr">
      <service name="zebra"/>
      <service name="OSPFv3MDR"/>
      <service name="IPForward"/>
    </node>
    <node type="PC">
      <service name="DefaultRoute"/>
    </node>
    <node type="prouter">
      <service name="zebra"/>
      <service name="OSPFv2"/>
      <service name="OSPFv3"/>
      <service name="IPForward"/>
    </node>
    <node type="router">
      <service name="zebra"/>
      <service name="IPForward"/>
    </node>
    <node type="host">
      <service name="DefaultRoute"/>
      <service name="SSH"/>
    </node>
  </default_services>
</scenario>
